Surt,capture_time,url,mime,status,digest,length,offset,filename,month,year
"com,fourstateshomepage)/business/ap-business/asian-shares-advance-on-back-of-rally-on-wall-street",20220427014009,https://www.fourstateshomepage.com/business/ap-business/asian-shares-advance-on-back-of-rally-on-wall-street/,text/html,200,sha1:JF5T3X7CKVRST3QQ2ACPIBLABWWEKRF3,71158,942562991,CC-NEWS-20220427002359-00727.warc.gz,04,2022
"de,waz-online)/wolfsburg/vorsfelde/wunschbaum-fuer-die-tierhilfe-steht-in-vorsfelde",20191221153116,https://www.waz-online.de/Wolfsburg/Vorsfelde/Wunschbaum-fuer-die-Tierhilfe-steht-in-Vorsfelde,text/html,200,sha1:TR7STWRACQQVC6WO2BIP2I2HEEYUT6N5,22332,347980013,CC-NEWS-20191221145655-00069.warc.gz,12,2019
"com,buffalonews)/opinion/my-view-mom-s-omniscience-was-a-formidable-force/article_07cae684-4bac-11ec-9abb-8fcaa826e960.html",20211122214042,https://buffalonews.com/opinion/my-view-mom-s-omniscience-was-a-formidable-force/article_07cae684-4bac-11ec-9abb-8fcaa826e960.html,text/html,200,sha1:7IMIVNAYVUXJ5ATCG5F4YE4KFL22P46V,41705,1037777303,CC-NEWS-20211122204745-00547.warc.gz,11,2021
"com,dailythanthi)/news/districts/2021/11/30212038/in-the-case-of-rape-of-a-young-womanthe-dealer-was.vpf",20211130203437,https://www.dailythanthi.com/News/Districts/2021/11/30212038/In-the-case-of-rape-of-a-young-womanThe-dealer-was.vpf,text/html,200,sha1:LQLFVOQCFCUHW763WDWAWCMKEJEQG6K3,17707,105840146,CC-NEWS-20211130202909-00706.warc.gz,11,2021
"de,zvw)/staumelder/mannheim-staugefahr-auf-a-6-zwischen-linsenb%c3%bchl-und-mannheim-in-richtung-heilbronn_staumelderid-203858",20210222144126,https://www.zvw.de/staumelder/mannheim-staugefahr-auf-a-6-zwischen-linsenb%C3%BChl-und-mannheim-in-richtung-heilbronn_staumelderid-203858,text/html,200,sha1:V5OTRR72PPPIKKWIC5B22SD2IWRDIMWU,10228,569946879,CC-NEWS-20210222140935-00366.warc.gz,02,2021
"com,alkhaleej365)/saudi-arabia-news/11521364/%d8%a7%d8%ae%d8%a8%d8%a7%d8%b1-%d8%a7%d9%84%d8%ae%d9%84%d9%8a%d8%ac-%e2%80%93-%d8%a8%d8%a7%d9%83%d8%b3%d8%aa%d8%a7%d9%86-%d8%a7%d8%b9%d8%aa%d9%85%d8%a7%d8%af-%d9%85%d8%b1%d8%b4%d8%ad%d9%8a%d9%86-%d8%a7%d8%ab%d9%86%d9%8a%d9%86-%d9%84%d8%ae%d9%84%d8%a7%d9%81%d8%a9-%d8%b9%d9%85%d8%b1%d8%a7%d9%86-%d8%ae%d8%a7%d9%86.html",20220420195212,https://alkhaleej365.com/saudi-arabia-news/11521364/%D8%A7%D8%AE%D8%A8%D8%A7%D8%B1-%D8%A7%D9%84%D8%AE%D9%84%D9%8A%D8%AC-%E2%80%93-%D8%A8%D8%A7%D9%83%D8%B3%D8%AA%D8%A7%D9%86-%D8%A7%D8%B9%D8%AA%D9%85%D8%A7%D8%AF-%D9%85%D8%B1%D8%B4%D8%AD%D9%8A%D9%86-%D8%A7%D8%AB%D9%86%D9%8A%D9%86-%D9%84%D8%AE%D9%84%D8%A7%D9%81%D8%A9-%D8%B9%D9%85%D8%B1%D8%A7%D9%86-%D8%AE%D8%A7%D9%86.html,text/html,200,sha1:ADQKZ5YRWDVBJTUEAVZDIW7UIXCQK227,15759,333925103,CC-NEWS-20220420193554-00599.warc.gz,04,2022
"ci,afrique-sur7)/483097-mmah-sylla-piegee-par-des-medecins",20211126072319,https://www.afrique-sur7.ci/483097-mmah-sylla-piegee-par-des-medecins,text/html,200,sha1:DEALCIUGSULCKANEIR7XLSWUOTEGSJ5J,12550,993913878,CC-NEWS-20211126060048-00620.warc.gz,11,2021
"org,thedailyripple)/index.php/rss-world/750547-how-economists-and-non-economists-can-get-along",20210312022124,https://thedailyripple.org/index.php/rss-world/750547-how-economists-and-non-economists-can-get-along,text/html,200,sha1:XP7VXLIYATAHRNEPCBJI6P75MS4S5FAU,5067,276608721,CC-NEWS-20210312015235-00676.warc.gz,03,2021
"com,chinatimes)/realtimenews/20190827004285-260408",20190827142158,https://www.chinatimes.com/realtimenews/20190827004285-260408,text/html,200,sha1:YLNNYFMLIMQSAEREDZJIPNCQFSRVUGGW,10989,697397176,CC-NEWS-20190827132323-01014.warc.gz,08,2019
"it,altochiasciooggi)/politica/simona-vitali-una-candidata-forte-per-primarie-del-centrodestra-17979",20240403235159,https://www.altochiasciooggi.it/politica/simona-vitali-una-candidata-forte-per-primarie-del-centrodestra-17979/,text/html,200,sha1:SDWPVXV2FBXDAK5OKGASTXDZHTE4BTKN,26709,943260700,CC-NEWS-20240403223842-03284.warc.gz,04,2024
"com,nbonews)/lexicon-pharmaceuticals-inc-lxrxs-financial-results-comparing-with-omeros-corporation-nasdaqomer",20190811015111,https://nbonews.com/lexicon-pharmaceuticals-inc-lxrxs-financial-results-comparing-with-omeros-corporation-nasdaqomer/,text/html,200,sha1:HDLDCLIJGXD34VBAZNAMKYGXKGA7NG2N,9487,584551311,CC-NEWS-20190810232859-00846.warc.gz,08,2019
"jp,mynavi,news)/article/20240424-2933772",20240424092452,https://news.mynavi.jp/article/20240424-2933772/,text/html,200,sha1:UKU66CGR65AIXXXQKIBY7GQBXJFXHSCX,36329,724241941,CC-NEWS-20240424083922-03663.warc.gz,04,2024
"hu,index)/belfold/2023/06/03/orban-viktor-recep-tayyip-erdogan-torokorszag-elnok-beiktatas",20230603100106,https://index.hu/belfold/2023/06/03/orban-viktor-recep-tayyip-erdogan-torokorszag-elnok-beiktatas/,text/html,200,sha1:JA4TG7GMHZKXIYECDMCKHYMCKUNNPAZS,21988,794146314,CC-NEWS-20230603085823-03062.warc.gz,06,2023
"com,wfmz)/news/pr_newswire/pr_newswire_food_beverages/pizza-hut-serves-up-newstalgia-with-campaign-celebrating-all-that-fans-know-and-love-about/article_4e4d4527-bd65-590d-af2b-1c98b6010d65.html",20210315125314,https://www.wfmz.com/news/pr_newswire/pr_newswire_food_beverages/pizza-hut-serves-up-newstalgia-with-campaign-celebrating-all-that-fans-know-and-love-about/article_4e4d4527-bd65-590d-af2b-1c98b6010d65.html,text/html,200,sha1:RNURUFBWKAJFO6UI44G7HOPJCVYTY2LK,54836,1016159984,CC-NEWS-20210315115742-00726.warc.gz,03,2021
"fr,lefigaro,immobilier)/annonces/annonce-67280722.html",20240420064613,https://immobilier.lefigaro.fr/annonces/annonce-67280722.html,text/html,200,sha1:5ZF5PZ4N2DELOA3AC4XUIUNUZRUYUWUW,146985,388020171,CC-NEWS-20240420061440-03592.warc.gz,04,2024
"com,mystateline)/news/politics/biden-urges-congress-to-tighten-gun-control-after-colorado-mass-shooting",20210323211314,https://www.mystateline.com/news/politics/biden-urges-congress-to-tighten-gun-control-after-colorado-mass-shooting/,text/html,200,sha1:CNOE4NALDFBJ5ATIGJ45H6E52C2IHPGF,56608,144854678,CC-NEWS-20210323210406-00875.warc.gz,03,2021
"net,ilsussidiario)/news/diretta-cremonese-vicenza-serie-b-streaming-video-dazn-per-risalire-la-china/2088942",20201107091751,https://www.ilsussidiario.net/news/diretta-cremonese-vicenza-serie-b-streaming-video-dazn-per-risalire-la-china/2088942/,text/html,200,sha1:37SBS7XJEGYA6YMLWI3ATCH5R2H3OTSA,23520,688762005,CC-NEWS-20201107080206-00563.warc.gz,11,2020
"mx,com,publimetro)/mx/noticias/2020/11/01/libia-grupos-paramilitares-afines-al-gobierno-libio-piden-su-integracion-en-una-guardia-nacional.html",20201101173715,https://www.publimetro.com.mx/mx/noticias/2020/11/01/libia-grupos-paramilitares-afines-al-gobierno-libio-piden-su-integracion-en-una-guardia-nacional.html,text/html,200,sha1:H7HCE24UF4FMMGZIDJ6DFMUEIT7KAZAE,13744,334827464,CC-NEWS-20201101170828-00461.warc.gz,11,2020
"es,ideal)/granada/201704/16/piden-carcel-quedarse-coches-20170416102133.html",20170417095720,http://www.ideal.es/granada/201704/16/piden-carcel-quedarse-coches-20170416102133.html,text/html,200,sha1:PIPNMFTYNLY6SZB45E4BLUUMJOYM5KUO,33443,905415935,CC-NEWS-20170417032608-00312.warc.gz,04,2017
"com,ohio)/sports/indians/2017-season-preview-edwin-encarnacion-adds-muscle-to-the-middle-of-indians-lineup-1.757695?cache=18961415304345/news/ohio%25&locallinksenabled=false",20170403000042,http://www.ohio.com/sports/indians/2017-season-preview-edwin-encarnacion-adds-muscle-to-the-middle-of-indians-lineup-1.757695?localLinksEnabled=false&cache=18961415304345%252525252525252525252525252525252525252525252525252525252fnews%252525252525252525252525252525252525252525252525252525252fohio%25252525252525252525,text/html,200,sha1:BPKNA4V5AYCG77UWCW3ZUOK2XIJU74D7,66208,788962121,CC-NEWS-20170402175050-00252.warc.gz,04,2017
"com,cbslocal,sacramento)/2019/08/23/tyler-rich-yuba-city-concert",20190823224452,https://sacramento.cbslocal.com/2019/08/23/tyler-rich-yuba-city-concert/,text/html,200,sha1:5VETTYVIFNKSHRZTGSBOIHECYOJ4MC7R,26486,496967748,CC-NEWS-20190823214042-00981.warc.gz,08,2019
"com,etvbharat)/hindi/delhi/bharat/133rd-birth-anniversary-of-maulana-abul-kalam-azad/na20211111160133403",20211111132318,https://www.etvbharat.com/hindi/delhi/bharat/133rd-birth-anniversary-of-maulana-abul-kalam-azad/na20211111160133403,text/html,200,sha1:XXIMBHOIJQDTWS76ECO6LHO4ZD7YQU64,13513,30403852,CC-NEWS-20211111132224-00314.warc.gz,11,2021
"kr,co,iusm)/news/articleview.html?idxno=893633",20201125114417,http://www.iusm.co.kr/news/articleView.html?idxno=893633,text/html,200,sha1:H6ZXKF4SBFIEDSPAHJCCCCPQWPTI7FLY,28811,626062149,CC-NEWS-20201125110751-00849.warc.gz,11,2020
"com,globo,valor)/brasil/noticia/2021/11/30/ocupacao-deve-continuar-a-crescer-mas-com-vagas-precarias-e-renda-menor-diz-lca.ghtml",20211130180232,https://valor.globo.com/brasil/noticia/2021/11/30/ocupacao-deve-continuar-a-crescer-mas-com-vagas-precarias-e-renda-menor-diz-lca.ghtml,text/html,200,sha1:DBZLMXPW6STIGHMWWCHCA4VRJLD4Q4L4,142483,64026120,CC-NEWS-20211130175956-00703.warc.gz,11,2021
"com,reuters,cn)/article/idcnl3s0ma06920140313",20170421134729,http://cn.reuters.com/article/idCNL3S0MA06920140313,text/html,200,sha1:6Y7UZ5BYR3HOPFVKWBBRNDCYJBC5JGA6,15340,317237146,CC-NEWS-20170421123317-00332.warc.gz,04,2017
"com,bbc)/sport/northern-ireland/61180576",20220421164058,https://www.bbc.com/sport/northern-ireland/61180576,text/html,200,sha1:HOJ2TZTXR3MV3VM4RCJXRRVVVMIAMRJZ,239715,912166496,CC-NEWS-20220421160413-00619.warc.gz,04,2022
"blog,medforth)/2021/11/18/france-and-yet-another-illegal-immigrant-enters-a-police-station-in-cannes-claiming-that-he-is-talking-to-allah-after-having-been-arrested-some-time-earlier",20211118163740,https://medforth.blog/2021/11/18/france-and-yet-another-illegal-immigrant-enters-a-police-station-in-cannes-claiming-that-he-is-talking-to-allah-after-having-been-arrested-some-time-earlier/,text/html,200,sha1:ELMM4VTMEUXGWZAGRAX4MJRHZTLQI7L2,22961,86445290,CC-NEWS-20211118163444-00468.warc.gz,11,2021
"pl,naszemiasto,zamosc)/kolejki-w-zamosciu-do-psychologa-na-nfz-terminy-na-24-06-2023/ar/c14p1-20521739",20230624001046,https://zamosc.naszemiasto.pl/kolejki-w-zamosciu-do-psychologa-na-nfz-terminy-na-24-06-2023/ar/c14p1-20521739,text/html,200,sha1:VW46HK5CXM2FKFDBHIWFV5WG2RI2VL3I,75338,263733800,CC-NEWS-20230623235130-03531.warc.gz,06,2023
"com,newmilfordspectrum)/sports/article/carolina-7-columbus-3-15952826.php",20210216033449,https://www.newmilfordspectrum.com/sports/article/Carolina-7-Columbus-3-15952826.php,text/html,200,sha1:OM2PE64BGWI7EC2AB2ARSHAKZEUG3CXO,19454,902312002,CC-NEWS-20210216015050-00252.warc.gz,02,2021
"it,telenord)/sampdoria-carovana-di-pullman-per-lecco-verso-le-3mila-presenze-71628",20240426135826,https://telenord.it/sampdoria-carovana-di-pullman-per-lecco-verso-le-3mila-presenze-71628,text/html,200,sha1:64IXU64IM75BFQNRC3IV5ODV3MUG3PLO,13053,475802906,CC-NEWS-20240426133348-03709.warc.gz,04,2024
"fr,telez)/guide-tv/ariol-107/641829050-ariol-107",20191228202403,https://www.telez.fr/guide-tv/ariol-107/641829050-ariol-107/,text/html,200,sha1:NBELMHDFBG6NS7T5YMF44BFC5SABT75Z,34158,582831377,CC-NEWS-20191228191701-00147.warc.gz,12,2019
"com,wccq)/expanded-phase-i-b-for-covid-19-vaccine-starts-thursday",20210224121408,https://www.wccq.com/expanded-phase-i-b-for-covid-19-vaccine-starts-thursday/,text/html,200,sha1:LNBG4TNDKPUTBDVNFAPRYJTQ7NB43KJB,24980,66131781,CC-NEWS-20210224121043-00402.warc.gz,02,2021
"com,bloomberg)/tosv2.html?url=l25ld3mvyxj0awnszxmvmjaymi0wnc0xmy9sdwxhlxmtbgvhzc1zahjpbmtzlxrvlw5hcnjvd2vzdc10aglzlxllyxitaw4tbgf0zxn0lwjyyxppbc1wb2xs&uuid=ea47cc58-bb5f-11ec-ba97-6c666a56684b&vid=",20220413193310,https://www.bloomberg.com/tosv2.html?vid=&uuid=ea47cc58-bb5f-11ec-ba97-6c666a56684b&url=L25ld3MvYXJ0aWNsZXMvMjAyMi0wNC0xMy9sdWxhLXMtbGVhZC1zaHJpbmtzLXRvLW5hcnJvd2VzdC10aGlzLXllYXItaW4tbGF0ZXN0LWJyYXppbC1wb2xs,text/html,200,sha1:V4LW223QWTBKUDBVRTC7ZHEZWLBP77HI,5054,909156703,CC-NEWS-20220413184859-00461.warc.gz,04,2022
"de,rnd)/reise/neues-gesetz-so-sollen-pauschalreisen-gegen-insolvenz-gesichert-werden-pvh3xadbwzgmefzhv7ifemrsqu.html",20210210150709,https://www.rnd.de/reise/neues-gesetz-so-sollen-pauschalreisen-gegen-insolvenz-gesichert-werden-PVH3XADBWZGMEFZHV7IFEMRSQU.html,text/html,200,sha1:XYJVAS3RA7THCGRH6NRW6NLI52BDQJAP,35722,396269466,CC-NEWS-20210210144722-00158.warc.gz,02,2021
"com,bangkokpost)/thailand/general/2298878/longer-drinking-hours-at-eateries-as-covid-controls-ease",20220422102749,https://www.bangkokpost.com/thailand/general/2298878/longer-drinking-hours-at-eateries-as-covid-controls-ease,text/html,200,sha1:2427U2UURF7JQM4MZK3QAPLKMZPJEXHF,40358,464394782,CC-NEWS-20220422100224-00636.warc.gz,04,2022
"com,beaumontenterprise)/news/us/article/era-of-active-shooter-fort-sumter-restricts-14286732.php",20190807135623,https://www.beaumontenterprise.com/news/us/article/Era-of-active-shooter-Fort-Sumter-restricts-14286732.php,text/html,200,sha1:34QYQG2UCOL3UJRFTZLP6UABENSTLHSM,24378,230586712,CC-NEWS-20190807133619-00809.warc.gz,08,2019
"com,pennlive)/nation-world/2019/12/hunting-family-feud-man-sprayed-brothers-stands-with-deer-repellent-michigan-dnr-says.html",20191211150524,https://www.pennlive.com/nation-world/2019/12/hunting-family-feud-man-sprayed-brothers-stands-with-deer-repellent-michigan-dnr-says.html,text/html,200,sha1:AACTRRBG6UTQI73S7ZMV343UPQIHW2KB,17462,103725590,CC-NEWS-20191211145655-02230.warc.gz,12,2019
"biz,cvbj)/the-5-craziest-bets-this-weekend.html",20211105044733,https://cvbj.biz/the-5-craziest-bets-this-weekend.html,text/html,200,sha1:MAEZOMCBXWYB3PD45US4JIWVVHHUFN3Z,33602,763213196,CC-NEWS-20211105033403-00185.warc.gz,11,2021
"au,com,farmweekly)/story/6339085/the-key-to-success-is-people?src=rss",20190820134451,https://www.farmweekly.com.au/story/6339085/the-key-to-success-is-people/?src=rss,text/html,200,sha1:INJZZJPA4Y7T2GEISGRC5P3O3VB36W5O,23906,274106284,CC-NEWS-20190820132047-00940.warc.gz,08,2019
"fr,leparisien)/faits-divers/faux-sacs-hermes-le-proces-plonge-au-coeur-du-business-des-peaux-de-crocodile-11-11-2020-8407784.php",20201111100240,https://www.leparisien.fr/faits-divers/faux-sacs-hermes-le-proces-plonge-au-coeur-du-business-des-peaux-de-crocodile-11-11-2020-8407784.php,text/html,200,sha1:XHWNALBDD6GVZTDGBPZ43CI2MB2PRVIQ,33511,336314132,CC-NEWS-20201111093831-00625.warc.gz,11,2020
"ke,co,philips)/c-p/hq912_15/electric-shaver",20201130071024,https://www.philips.co.ke/c-p/HQ912_15/electric-shaver,text/html,200,sha1:M5BB3ZFD6RTPEFX5EZTSKIXQBQU37WJ4,34146,138691260,CC-NEWS-20201130070511-00925.warc.gz,11,2020
"ru,kotofoto)/tolyatti/shop/uid_224496_krem_s_ekstraktom_kornya_novozelandskogo_lna_the_saem_urban_eco_harakeke_root_cream_60ml.html",20201108104405,https://kotofoto.ru/tolyatti/shop/uid_224496_krem_s_ekstraktom_kornya_novozelandskogo_lna_the_saem_urban_eco_harakeke_root_cream_60ml.html,text/html,200,sha1:ILWWYKBVDNKG2EG3KBVLUX2CG5ZQQTLA,98458,930725632,CC-NEWS-20201108090259-00576.warc.gz,11,2020
"it,sky,tg24)/spettacolo/musica/2024/04/05/concerto-the-kolors-tour",20240405153524,https://tg24.sky.it/spettacolo/musica/2024/04/05/concerto-the-kolors-tour,text/html,200,sha1:TXVB4SAJWOBZKHLEDVUU64LLOU3FWXQD,58431,650055898,CC-NEWS-20240405150403-03319.warc.gz,04,2024
"br,com,em)/app/noticia/internacional/2022/04/05/interna_internacional,1357881/unicef-aponta-mais-de-500-criancas-mortas-ou-feridas-no-iraque-por-minas-em.shtml",20220405150357,"https://www.em.com.br/app/noticia/internacional/2022/04/05/interna_internacional,1357881/unicef-aponta-mais-de-500-criancas-mortas-ou-feridas-no-iraque-por-minas-em.shtml",text/html,200,sha1:M5T4SYWWOYUOZIUZSBDAX4MDVWBD2SHQ,55115,134051339,CC-NEWS-20220405145749-00282.warc.gz,04,2022
"kr,co,kbs,news)/news/pc/view/view.do?ncd=7945780",20240422111333,https://news.kbs.co.kr/news/pc/view/view.do?ncd=7945780,text/html,200,sha1:S6BRUT6GJ6SSHFV54LTHRNL2S7WUXKZQ,165883,60207614,CC-NEWS-20240422111047-03626.warc.gz,04,2024
"ps,samanews)/ar/post/459695/%d8%ac%d8%a7%d9%85%d8%b9%d8%a9-%d8%a7%d9%84%d8%a5%d9%85%d8%a7%d8%b1%d8%a7%d8%aa-%d8%aa%d8%ad%d8%b1%d8%b2-%d8%aa%d9%82%d8%af%d9%85%d8%a7-%d8%b9%d8%a7%d9%84%d9%85%d9%8a%d8%a7-%d9%81%d9%8a-16-%d9%85%d8%a7%d8%af%d8%a9-%d8%a8%d8%ad%d8%b3%d8%a8-%d8%aa%d8%b5%d9%86%d9%8a%d9%81-%d9%83%d9%8a%d9%88-%d8%a5%d8%b3",20210306123051,https://samanews.ps/ar/post/459695/%D8%AC%D8%A7%D9%85%D8%B9%D8%A9-%D8%A7%D9%84%D8%A5%D9%85%D8%A7%D8%B1%D8%A7%D8%AA-%D8%AA%D8%AD%D8%B1%D8%B2-%D8%AA%D9%82%D8%AF%D9%85%D8%A7-%D8%B9%D8%A7%D9%84%D9%85%D9%8A%D8%A7-%D9%81%D9%8A-16-%D9%85%D8%A7%D8%AF%D8%A9-%D8%A8%D8%AD%D8%B3%D8%A8-%D8%AA%D8%B5%D9%86%D9%8A%D9%81-%D9%83%D9%8A%D9%88-%D8%A5%D8%B3,text/html,200,sha1:MKPE236AJY332YVGOBXAP3WKWQ7NHHPK,14449,953868720,CC-NEWS-20210306110104-00578.warc.gz,03,2021
"co,tempo,nasional)/read/1528534/menkes-sebut-mutasi-varian-delta-asal-indonesia-terlacak-di-singapura",20211115010027,https://nasional.tempo.co/read/1528534/menkes-sebut-mutasi-varian-delta-asal-indonesia-terlacak-di-singapura,text/html,200,sha1:7VWK2EXQW3XOKVVZDVABZZWHDQOVALZB,24379,140561176,CC-NEWS-20211115004345-00379.warc.gz,11,2021
"es,comunicae)/notas-de-prensa/motivos-por-los-que-dar-el-salto-y-pasar-al-e_1",20240402183546,https://comunicae.es/notas-de-prensa/motivos-por-los-que-dar-el-salto-y-pasar-al-e_1,text/html,200,sha1:TZRW4GNZ72D66KEEN27ADDH2S3BMPFXJ,1682,704624349,CC-NEWS-20240402175314-03258.warc.gz,04,2024
"com,thehindu)/news/national/tamil-nadu/nine-dead-as-three-houses-collapse-in-mettupalayam/article30134920.ece",20191202042351,https://www.thehindu.com/news/national/tamil-nadu/nine-dead-as-three-houses-collapse-in-mettupalayam/article30134920.ece,text/html,200,sha1:FCHVQY7Y5Y7XO4FANN3GCS7DC4XIM6K4,52988,561661970,CC-NEWS-20191202023532-02117.warc.gz,12,2019
"ar,com,puntonueve)/coronacion-de-apac-en-mar-del-plata",20211124210849,https://www.puntonueve.com.ar/coronacion-de-apac-en-mar-del-plata/,text/html,200,sha1:55D5PL6FLTUWJF4DBPUBRZA674QMCWAU,11606,579781544,CC-NEWS-20211124203851-00593.warc.gz,11,2021
"name,vpk)/news/462869_amerikanskie_f-15_i_f-16_poluchat_luchi_smerti.html",20201116110003,https://vpk.name/news/462869_amerikanskie_f-15_i_f-16_poluchat_luchi_smerti.html,text/html,200,sha1:AOBDGIK4L4SJQ77TJW2GERY3TJWNGPIG,10439,451943246,CC-NEWS-20201116102759-00701.warc.gz,11,2020
"uk,co,dailymail)/tvshowbiz/article-9360949/masterchefs-john-torode-explains-turned-offer-appear-strictly-come-dancing.html",20210314174925,https://www.dailymail.co.uk/tvshowbiz/article-9360949/MasterChefs-John-Torode-explains-turned-offer-appear-Strictly-Come-Dancing.html,text/html,200,sha1:3LSMLZAJ4VCFDM3UBRQWKLJXBWDMOEKP,98631,671369044,CC-NEWS-20210314164429-00715.warc.gz,03,2021
"de,presseportal)/blaulicht/pm/117683/4464349",20191210145415,https://www.presseportal.de/blaulicht/pm/117683/4464349,text/html,200,sha1:YXSJJZFYONGUOXQCALA5MHBJS4FY6PVY,12507,10380353,CC-NEWS-20191210145315-02216.warc.gz,12,2019
"com,zvuk)/track/16858686",20240415065551,https://zvuk.com/track/16858686,text/html,200,sha1:INIWKXUBWID62KNONG6CBA7XREHZVBTA,37520,30903935,CC-NEWS-20240415065213-03489.warc.gz,04,2024
"com,haberler,m)/filenin-sultanlari-galibiyetle-basladi-2-12356002-haberi",20190823202807,https://m.haberler.com/filenin-sultanlari-galibiyetle-basladi-2-12356002-haberi/,text/html,200,sha1:2YZ6RHVPL66MJMROLAWMU7WU7EOP4GHG,20667,490653338,CC-NEWS-20190823192806-00980.warc.gz,08,2019
"info,frontera)/edicionenlinea/notas/noticias/14042017/1203749-proliferan-basura-y-baches-en-vialidades.html",20170414152350,http://www.frontera.info/EdicionEnLinea/Notas/Noticias/14042017/1203749-Proliferan-basura-y-baches-en-vialidades.html,text/html,200,sha1:ZPILNQP6JND4IEBCF3NN3BHDMGIVP7LL,15349,172879586,CC-NEWS-20170414143656-00304.warc.gz,04,2017
"it,ilrestodelcarlino)/fermo/cronaca/giardino-destate-il-chiosco-pronto-a-ripartire-5df87a1f",20240421051721,https://www.ilrestodelcarlino.it/fermo/cronaca/giardino-destate-il-chiosco-pronto-a-ripartire-5df87a1f,text/html,200,sha1:YRW5EM4APKQGTZSCZ3M3NRYTEPZURX3I,45892,648683295,CC-NEWS-20240421040045-03606.warc.gz,04,2024
"com,elwatannews)/news/details/5784892",20211104191804,https://www.elwatannews.com/news/details/5784892,text/html,200,sha1:YKDURBD2T6QM2RF2MB3FZEWVEXOWS54G,77787,1010725691,CC-NEWS-20211104183514-00177.warc.gz,11,2021
"it,romatoday)/eventi/cinema-in-piazza-san-cosimato-programma-24-giugno-2023.html",20230623114130,https://www.romatoday.it/eventi/cinema-in-piazza-san-cosimato-programma-24-giugno-2023.html,text/html,200,sha1:AWVJVVHHKEMTV3ANZ7E4NF2DNLTZSQ24,108983,363649899,CC-NEWS-20230623112733-03516.warc.gz,06,2023
"fr,leprogres)/faits-divers-justice/2020/11/27/une-fuite-de-gaz-dans-la-commune",20201127144308,https://www.leprogres.fr/faits-divers-justice/2020/11/27/une-fuite-de-gaz-dans-la-commune,text/html,200,sha1:4RNTMF2ICJS3C437DJK3UODJ2HENCJUC,34852,193104522,CC-NEWS-20201127143248-00885.warc.gz,11,2020
"pl,goal)/kadra/swiderski-z-golem-przeciwko-columbus-crew",20230604095512,https://www.goal.pl/kadra/swiderski-z-golem-przeciwko-columbus-crew/,text/html,200,sha1:YVTRZ5RKAC7RJHQD5E4XEEX375UUNM3S,29726,793627749,CC-NEWS-20230604083956-03078.warc.gz,06,2023
"tr,com,iha)/antalya-haberleri/alanyada-1-turistin-oldugu-tekne-kazasi-sonrasi-kaptan-gozaltinda-antalya-2736994",20201105142758,https://www.iha.com.tr/antalya-haberleri/alanyada-1-turistin-oldugu-tekne-kazasi-sonrasi-kaptan-gozaltinda-antalya-2736994/,text/html,200,sha1:6C2KZLNZLUUHYHNUXW7WQUNEH32PTPHZ,19610,92969263,CC-NEWS-20201105142359-00532.warc.gz,11,2020
"info,firstonline)/haaland-sfida-mbappe-il-calcio-cerca-il-suo-nuovo-re-e-manda-in-archivio-lera-di-messi-e-cr7",20230625161708,https://www.firstonline.info/haaland-sfida-mbappe-il-calcio-cerca-il-suo-nuovo-re-e-manda-in-archivio-lera-di-messi-e-cr7/,text/html,200,sha1:G7GD3SLFJXBFM2IA6KVAFW3NGAV7U5Q6,38431,225746423,CC-NEWS-20230625160227-03558.warc.gz,06,2023
"com,allafrica,fr)/stories/202204150199.html",20220415110159,https://fr.allafrica.com/stories/202204150199.html,text/html,200,sha1:NAG4CHLOPFSLNHZDQGQG4Y2RXP6KPXGA,28896,538643611,CC-NEWS-20220415103051-00497.warc.gz,04,2022
"com,yenisafak)/ekonomi/kara-yolu-isleri-yaptirilacak-3615848",20210330052233,https://www.yenisafak.com/ekonomi/kara-yolu-isleri-yaptirilacak-3615848,text/html,200,sha1:HSBPGM45BBTZM4LDVNCCX2KT4DYVFLD7,29574,472444628,CC-NEWS-20210330043403-00985.warc.gz,03,2021
"it,corriere,brescia)/notizie/cronaca/20_novembre_12/donna-scomparsa-brescia-scientifica-casa-dell-ex-convivente-2014a5ee-24f8-11eb-9615-de24e09c8a4a.shtml",20201112193025,https://brescia.corriere.it/notizie/cronaca/20_novembre_12/donna-scomparsa-brescia-scientifica-casa-dell-ex-convivente-2014a5ee-24f8-11eb-9615-de24e09c8a4a.shtml,text/html,200,sha1:F63SSIG6J37PNCS4C2KN6TCT27ZCQPAM,25011,866674844,CC-NEWS-20201112183628-00652.warc.gz,11,2020
"com,westport-news)/sports/article/golf-governing-bodies-start-to-reveal-plans-to-15919016.php",20210202212013,https://www.westport-news.com/sports/article/Golf-governing-bodies-start-to-reveal-plans-to-15919016.php,text/html,200,sha1:QVO7KCT3GLKWRW7SDWP4XPLFVLJDI32G,23846,285895456,CC-NEWS-20210202210418-00023.warc.gz,02,2021
"de,ce-trade)/2021/02/19/vestel-erweitert-kooperation-mit-hd",20210219200711,https://www.ce-trade.de/2021/02/19/vestel-erweitert-kooperation-mit-hd/,text/html,200,sha1:5D72IGMMVGPF47GMLDBLMTSXP5E2BLJI,21257,511075558,CC-NEWS-20210219193649-00327.warc.gz,02,2021
"fr,rfi)/vi/qu%e1%bb%91c-t%e1%ba%bf/20230628-nga-oanh-k%c3%adch-kramatorsk-%c3%adt-nh%e1%ba%a5t-9-ng%c6%b0%e1%bb%9di-ch%e1%ba%bft",20230628141318,https://www.rfi.fr/vi/qu%E1%BB%91c-t%E1%BA%BF/20230628-nga-oanh-k%C3%ADch-kramatorsk-%C3%ADt-nh%E1%BA%A5t-9-ng%C6%B0%E1%BB%9Di-ch%E1%BA%BFt,text/html,200,sha1:GX2FWJI4UXN44XWNTANQV657C6MVGQXW,64269,148891418,CC-NEWS-20230628140801-03626.warc.gz,06,2023
"fr,infoclimat)/photolive-photos-meteo-264557-brouillard.html?date_type=dh_prise&order=desc",20201124120159,https://www.infoclimat.fr/photolive-photos-meteo-264557-brouillard.html?order=DESC&date_type=dh_prise,text/html,200,sha1:QUTKZUWUPHZLA7F6HROOWL4BUAEHX5CQ,70816,759026920,CC-NEWS-20201124111735-00831.warc.gz,11,2020
"com,washingtonpost)/sports/2021/02/19/vincent-jackson-brain-cte-research",20210219133305,https://www.washingtonpost.com/sports/2021/02/19/vincent-jackson-brain-cte-research/,text/html,200,sha1:5BK3NP4GDRXAFN72ULPXA56N2G42GIE7,57524,782838006,CC-NEWS-20210219124957-00320.warc.gz,02,2021
"com,zvuk)/release/9064500",20240413144722,https://zvuk.com/release/9064500,text/html,200,sha1:FU2IYS5G3BM6UNVRN6AUXZJOTSIMDAB7,43925,201279564,CC-NEWS-20240413143147-03466.warc.gz,04,2024
"com,reuters,cn)/article/csx-results-idcnl4n0fm3pn20130716",20170406110400,http://cn.reuters.com/article/csx-results-idCNL4N0FM3PN20130716,text/html,200,sha1:UXATASOSCQG4QCXEBWV6ZD2GJIJBMEGJ,13959,945439585,CC-NEWS-20170406063616-00267.warc.gz,04,2017
"com,ferrari)/en-bq/auto/456m-gta",20211107112942,https://www.ferrari.com/en-BQ/auto/456m-gta,text/html,200,sha1:NFLMES4NF4R6UM3CGMC76UGOQW5LTSPP,34969,882021019,CC-NEWS-20211107100629-00223.warc.gz,11,2021
"fr,lemoniteur)/article/jura-l-ehpad-de-bracon-soigne-son-montage-immobilier.2116629",20201120010739,https://www.lemoniteur.fr/article/jura-l-ehpad-de-bracon-soigne-son-montage-immobilier.2116629,text/html,200,sha1:F5QJ57OZ6R32GRQA4GB6NVPWBJFSDLWR,20319,471037935,CC-NEWS-20201120002427-00767.warc.gz,11,2020
"com,mccourier)/orthopedic-surgical-robots-market-to-witness-an-outstanding-growth-during-2020-2027",20210319023238,https://www.mccourier.com/orthopedic-surgical-robots-market-to-witness-an-outstanding-growth-during-2020-2027/,text/html,200,sha1:2PTI7YCB63MRAJ4HDCZAH7WPVIILX4ZN,17496,397681098,CC-NEWS-20210319014659-00796.warc.gz,03,2021
"com,t3)/news/cool-shit-we-got-this-week-video",20191201022959,https://www.t3.com/news/cool-shit-we-got-this-week-video,text/html,200,sha1:UC2G34LUBEBMQF5BRBVY7JZ4SVXOVAC4,23746,537606674,CC-NEWS-20191201003247-02108.warc.gz,12,2019
"com,clarin)/sociedad/murio-filosofo-espanol-antonio-escohotado_0_mj_ksccv7.html",20211121123702,https://www.clarin.com/sociedad/murio-filosofo-espanol-antonio-escohotado_0_Mj_ksCcv7.html,text/html,200,sha1:EZ3M635CMKKXE4LA5ZHDM5S3MZYRPEUW,42926,6447673,CC-NEWS-20211121123612-00521.warc.gz,11,2021
"com,digisensus)/uncategorized/39850/aspergillosis-market-to-witness-huge-expansion-with-insights-on-new-key-players-cardinal-health-taj-pharma",20211108132649,https://digisensus.com/uncategorized/39850/aspergillosis-market-to-witness-huge-expansion-with-insights-on-new-key-players-cardinal-health-taj-pharma/,text/html,200,sha1:PFRH6L4OM6KFC56RG46XWZBBKBJB24UE,15079,601078178,CC-NEWS-20211108130142-00241.warc.gz,11,2021
"de,finanznachrichten)/nachrichten-2024-04/61918682-aberforth-split-level-income-trust-plc-director-pdmr-shareholding-008.htm",20240411095557,https://www.finanznachrichten.de/nachrichten-2024-04/61918682-aberforth-split-level-income-trust-plc-director-pdmr-shareholding-008.htm,text/html,200,sha1:TY23IFNQZWNZIPRGB6XHZIKPRVVJ2XYL,12001,150227239,CC-NEWS-20240411094708-03423.warc.gz,04,2024
"co,gulf365)/lifestyle/5689137/%d8%a3%d8%b1%d9%8a%d8%a7%d9%86%d8%a7-%d8%ba%d8%b1%d8%a7%d9%86%d8%af%d9%8a-%d8%aa%d8%aa%d8%a3%d9%84%d9%91%d9%8e%d9%82-%d9%81%d9%8a-%d8%ad%d9%85%d9%84%d8%aa%d9%87%d8%a7-%d8%a7%d9%84%d8%a3%d9%88%d9%84%d9%89-%d9%85%d8%b9-%d8%ac%d9%8a%d9%81%d9%86%d8%b4%d9%8a.html",20190811074411,https://gulf365.co/lifestyle/5689137/%D8%A3%D8%B1%D9%8A%D8%A7%D9%86%D8%A7-%D8%BA%D8%B1%D8%A7%D9%86%D8%AF%D9%8A-%D8%AA%D8%AA%D8%A3%D9%84%D9%91%D9%8E%D9%82-%D9%81%D9%8A-%D8%AD%D9%85%D9%84%D8%AA%D9%87%D8%A7-%D8%A7%D9%84%D8%A3%D9%88%D9%84%D9%89-%D9%85%D8%B9-%D8%AC%D9%8A%D9%81%D9%86%D8%B4%D9%8A.html,text/html,200,sha1:CX57C3CLSEOS3SETUMGDZY2QEG67LSVX,24490,180269601,CC-NEWS-20190811071053-00848.warc.gz,08,2019
"com,haberler)/kayyum-baskanlar-43-kadin-merkezin-faaliyetini-9482891-haberi",20170410132710,http://www.haberler.com/kayyum-baskanlar-43-kadin-merkezin-faaliyetini-9482891-haberi/,text/html,200,sha1:SQM73RQEZ6RWUPVRVHDZNFJTF2GZVPE2,20871,739602075,CC-NEWS-20170410101123-00284.warc.gz,04,2017
"com,india)/hindi-news/india-hindi/bengaluru-coronavirus-news-472-children-below-10-years-infected-with-covid-within-a-month-4542386",20210328145557,https://www.india.com/hindi-news/india-hindi/bengaluru-coronavirus-news-472-children-below-10-years-infected-with-covid-within-a-month-4542386/,text/html,200,sha1:64MKJV4N5EWX7JHESH5KP7IQJ5RTUJ5L,30005,1068246679,CC-NEWS-20210328131541-00960.warc.gz,03,2021
"cz,denik,rokycansky)/zpravy_region/muzeum-na-demarkacni-linii-otevre-v-pondeli-20170428.html",20170428103116,http://rokycansky.denik.cz/zpravy_region/muzeum-na-demarkacni-linii-otevre-v-pondeli-20170428.html,text/html,200,sha1:RAEWJ3WP7KVCVGM5KZJMNPB3UJZ7MILC,17121,616145413,CC-NEWS-20170428075813-00361.warc.gz,04,2017
"com,marketscreener)/news/latest/persado-announces-the-expansion-of-its-go-to-market-efforts-to-the-u-s-federal-government--32396803?utm_content=20210209&utm_medium=rss",20210209141332,https://www.marketscreener.com/news/latest/Persado-Announces-the-Expansion-of-Its-Go-to-Market-Efforts-to-the-U-S-Federal-Government--32396803/?utm_medium=RSS&utm_content=20210209,text/html,200,sha1:XCVVKY5QDHMSRXTZHQHRAAXVGIUKPA6V,28508,361541283,CC-NEWS-20210209135445-00137.warc.gz,02,2021
"com,reviewindependent)/uncategorized/1206442/mri-system-market-worth-9497-million-by-2025-exclusive-report-by-researchmoz",20210212184304,https://reviewindependent.com/uncategorized/1206442/mri-system-market-worth-9497-million-by-2025-exclusive-report-by-researchmoz/,text/html,200,sha1:LYQSS5OOU6Q5VU7KF4XA2O54CSFI6M5A,14906,73914412,CC-NEWS-20210212183858-00203.warc.gz,02,2021
"com,bizjournals)/tampabay/news/2019/08/12/exclusive-leadership-tampas-2020-class-of-50.html",20190812151903,https://www.bizjournals.com/tampabay/news/2019/08/12/exclusive-leadership-tampas-2020-class-of-50.html,text/html,200,sha1:7X7F4R5F57IZKFLH3GCCSHYQRXL5F7FD,1103,134679777,CC-NEWS-20190812150556-00860.warc.gz,08,2019
"ru,prizyv)/2020/11/medikov-iz-pyatoj-bolnitsy-pereselili-v-okb",20201109112151,https://www.prizyv.ru/2020/11/medikov-iz-pyatoj-bolnitsy-pereselili-v-okb/,text/html,200,sha1:4ARELJV4EPZMMWL4TLX6MCHG5AEBNYGY,16802,217917594,CC-NEWS-20201109110738-00590.warc.gz,11,2020
"com,3yonnews)/879466",20170409095707,http://www.3yonnews.com/879466,text/html,200,sha1:VPDBE7T32JXEXTSI766L67HZFFK3RO5I,10996,335510033,CC-NEWS-20170409075050-00280.warc.gz,04,2017
"hr,n1info,sportklub)/kosarka/lakersi-se-spasili-metle-i-konacno-porazili-denver-boston-lagano-u-miamiju",20240428075647,https://sportklub.n1info.hr/kosarka/lakersi-se-spasili-metle-i-konacno-porazili-denver-boston-lagano-u-miamiju/,text/html,200,sha1:OFTCRCLZLHZG4VHGUUGFA5KH64C6EC62,35238,660870565,CC-NEWS-20240428070130-03737.warc.gz,04,2024
"com,chron)/news/article/phoenix-to-hold-active-shooter-training-exercise-14376034.php",20190824201641,https://www.chron.com/news/article/Phoenix-to-hold-active-shooter-training-exercise-14376034.php,text/html,200,sha1:XQFBMC5VIAMKUSM7PCXQAGZAMS4NZR45,26570,732136656,CC-NEWS-20190824182518-00989.warc.gz,08,2019
"pe,elcomercio,mag)/fama/el-senor-de-los-cielos-luz-elena-gonzalez-confeso-que-bajo-10-kilos-tras-acabar-con-rafael-amaya-mexico-mx-estados-unidos-usa-eeuu-nnda-nnlt-noticia",20201105184823,https://mag.elcomercio.pe/fama/el-senor-de-los-cielos-luz-elena-gonzalez-confeso-que-bajo-10-kilos-tras-acabar-con-rafael-amaya-mexico-mx-estados-unidos-usa-eeuu-nnda-nnlt-noticia/,text/html,200,sha1:GITS3NZNWL2Y26SJY2LVMAWSQIMRI6OV,28680,499399844,CC-NEWS-20201105181848-00536.warc.gz,11,2020
"no,folkebladet)/video/i/8jb1dq/direkte-folkeliv-under-summit-2-senja",20240408213004,https://www.folkebladet.no/video/i/8Jb1dQ/direkte-folkeliv-under-summit-2-senja,text/html,200,sha1:OXSYIE2H4UHD6TJICHDRY4AZHRETY7S6,21395,373219596,CC-NEWS-20240408210317-03371.warc.gz,04,2024
"uk,co,thesun)/news/22800360/urgent-warning-dracula-horsefiles-tear-flesh-immune-repellents",20230624165718,https://www.thesun.co.uk/news/22800360/urgent-warning-dracula-horsefiles-tear-flesh-immune-repellents/,text/html,200,sha1:Y7KHNLMYZ4FYKECB47DAYD5QNUUBHJRL,125955,584423711,CC-NEWS-20230624161802-03543.warc.gz,06,2023
"com,theguardian)/fashion/2017/apr/21/ryan-gosling-look-dress-like-him",20170421083024,https://www.theguardian.com/fashion/2017/apr/21/ryan-gosling-look-dress-like-him,text/html,200,sha1:2AXKLS7E6FN34OMGYDFF4PJ7UWNMVYOG,95550,89885711,CC-NEWS-20170421080402-00331.warc.gz,04,2017
"mx,info7)/nuevoleon/conoce-a-los-masajistas-del-centro-de-monterrey/vl1487819/amp",20230604222224,https://www.info7.mx/nuevoleon/conoce-a-los-masajistas-del-centro-de-monterrey/vl1487819/amp,text/html,200,sha1:2CIYVCO6Q7LW4QOGNUGGGWHY4T46254O,8721,1040393670,CC-NEWS-20230604204439-03087.warc.gz,06,2023
"ro,fanatik)/xavi-l-a-desfiintat-pe-istvan-kovacs-dupa-prestatia-din-barcelona-psg-i-am-spus-ca-a-fost-un-dezastru-20665802",20240416221057,https://www.fanatik.ro/xavi-l-a-desfiintat-pe-istvan-kovacs-dupa-prestatia-din-barcelona-psg-i-am-spus-ca-a-fost-un-dezastru-20665802,text/html,200,sha1:RXZADL27MXWNP55EL4GGZR6DNRSC7AGS,35420,202985108,CC-NEWS-20240416215527-03522.warc.gz,04,2024
"kr,co,kbs,news)/news/view.do?ncd=7695534",20230609033715,https://news.kbs.co.kr/news/view.do?ncd=7695534,text/html,200,sha1:HQCHPDUELZ43C4PJNQ4QZDRLKK3RMGZW,26503,170509542,CC-NEWS-20230609031959-03192.warc.gz,06,2023
"com,noqreport)/2021/03/06/jeremy-london-proves-you-can-still-be-friends-and-strongly-disagree-on-politics",20210306190520,https://noqreport.com/2021/03/06/jeremy-london-proves-you-can-still-be-friends-and-strongly-disagree-on-politics/,text/html,200,sha1:2Z3GP4FAEAIFO7JNHJVETWUTJNICJKGR,34837,129735912,CC-NEWS-20210306185548-00583.warc.gz,03,2021
"se,sydsvenskan)/2020-11-04/spand-vantan-aven-i-europa",20201104093849,https://www.sydsvenskan.se/2020-11-04/spand-vantan-aven-i-europa,text/html,200,sha1:BLYY4U6D4ZCNISYKZQPR5KDVKJP24A3I,20286,1071121688,CC-NEWS-20201104082851-00507.warc.gz,11,2020
